ip_address,timestamp,url,status_code,user_agent
57.3.191.33,2025-08-06 02:29:37,/product/789,500,Opera
214.8.241.107,2025-08-05 13:01:00,/search?q=shoes,200,Edge
216.83.124.247,2025-08-05 11:20:46,/product/789,200,Opera
77.89.105.104,2025-08-06 07:50:56,/product/456,500,Chrome
174.242.165.73,2025-08-07 09:38:02,/cart,404,Safari
165.115.231.124,2025-08-06 08:51:55,/product/123,404,Chrome
11.197.58.211,2025-08-06 04:25:00,/product/789,200,Safari
75.80.146.213,2025-08-05 08:43:51,/product/123,500,Safari
131.46.112.218,2025-08-04 10:38:20,/product/789,200,Edge
59.120.47.238,2025-08-02 20:58:47,/product/789,500,Safari
40.43.105.114,2025-08-06 10:19:36,/search?q=shirts,200,Edge
18.8.107.206,2025-08-02 11:18:02,/cart,500,Edge
25.159.157.32,2025-08-01 10:34:40,/home,500,Opera
1.28.208.85,2025-08-03 07:22:30,/product/789,200,Opera
65.95.170.91,2025-08-02 01:11:07,/product/789,500,Edge
32.179.143.185,2025-08-03 07:16:57,/product/789,200,Chrome
71.81.120.114,2025-08-07 10:13:05,/search?q=shoes,200,Chrome
132.120.246.48,2025-08-05 10:15:34,/cart,404,Chrome
109.32.247.9,2025-08-04 14:49:20,/product/123,200,Firefox
93.212.57.209,2025-08-04 00:28:07,/home,200,Firefox
28.113.126.136,2025-08-06 03:00:00,/search?q=shoes,200,Safari
37.120.142.237,2025-08-06 07:30:25,/product/456,500,Edge
157.90.246.113,2025-08-07 19:43:08,/product/789,200,Safari
89.172.130.215,2025-08-01 23:04:58,/product/789,500,Opera
161.63.213.14,2025-08-07 17:43:45,/checkout,500,Chrome
24.129.102.194,2025-08-05 09:51:36,/home,200,Firefox
164.123.161.97,2025-08-04 01:32:31,/home,200,Chrome
158.102.254.235,2025-08-04 03:42:00,/checkout,404,Edge
220.120.235.238,2025-08-01 09:35:07,/home,500,Opera
173.119.33.126,2025-08-02 14:41:23,/search?q=shirts,200,Edge
131.223.200.96,2025-08-02 18:02:57,/checkout,200,Edge
181.74.97.187,2025-08-02 18:41:20,/home,500,Chrome
109.139.153.122,2025-08-01 16:00:37,/home,200,Firefox
192.127.137.181,2025-08-06 11:54:36,/search?q=shirts,200,Safari
28.149.1.189,2025-08-06 13:43:48,/home,200,Opera
91.80.246.160,2025-08-04 20:36:35,/product/789,500,Edge
147.225.121.105,2025-08-02 07:59:09,/cart,500,Firefox
175.225.125.182,2025-08-02 02:49:36,/product/789,200,Safari
106.26.255.58,2025-08-03 18:52:48,/product/123,500,Safari
118.14.151.255,2025-08-02 11:26:14,/checkout,500,Opera
38.153.110.33,2025-08-03 17:09:53,/search?q=shoes,200,Safari
43.195.39.197,2025-08-07 17:04:42,/search?q=shoes,200,Chrome
173.103.168.114,2025-08-06 09:03:13,/product/456,200,Firefox
78.228.145.24,2025-08-04 17:02:05,/product/123,200,Edge
79.240.88.66,2025-08-05 07:25:32,/product/456,404,Opera
175.140.241.64,2025-08-02 05:42:42,/product/789,404,Chrome
61.138.27.164,2025-08-06 23:50:12,/product/789,200,Safari
15.127.54.122,2025-08-07 10:39:19,/product/456,200,Chrome
49.140.83.107,2025-08-05 08:48:39,/product/123,200,Firefox
35.125.215.22,2025-08-04 03:26:21,/product/123,500,Opera
45.238.185.28,2025-08-01 12:59:38,/product/789,404,Edge
47.214.150.216,2025-08-01 19:43:35,/product/456,200,Firefox
168.229.136.133,2025-08-01 12:53:17,/product/123,200,Firefox
163.164.252.100,2025-08-03 17:46:00,/cart,500,Firefox
164.169.159.62,2025-08-02 22:37:37,/home,200,Edge
155.223.78.169,2025-08-02 23:51:16,/search?q=shoes,200,Edge
41.59.13.94,2025-08-06 01:21:29,/cart,200,Chrome
140.55.222.53,2025-08-04 14:12:48,/home,200,Safari
9.90.75.21,2025-08-07 18:52:50,/cart,200,Opera
54.58.58.63,2025-08-07 14:43:27,/product/123,200,Firefox
215.246.88.243,2025-08-07 15:41:51,/cart,404,Edge
132.110.134.56,2025-08-04 02:15:50,/checkout,404,Opera
172.201.213.122,2025-08-07 23:26:18,/product/789,200,Edge
133.68.129.27,2025-08-02 06:39:59,/product/456,200,Chrome
41.182.62.74,2025-08-05 09:21:28,/checkout,404,Opera
196.144.92.148,2025-08-02 09:43:47,/checkout,200,Edge
115.208.68.7,2025-08-04 00:20:58,/product/456,200,Opera
26.130.49.237,2025-08-07 10:21:37,/home,200,Opera
216.194.9.60,2025-08-04 15:01:34,/product/456,200,Chrome
157.83.19.253,2025-08-01 22:59:29,/product/123,200,Opera
196.139.157.132,2025-08-04 04:33:35,/product/789,500,Chrome
192.194.253.79,2025-08-05 18:14:58,/product/123,404,Safari
17.43.165.68,2025-08-04 09:50:07,/home,200,Edge
169.224.0.63,2025-08-05 22:13:38,/checkout,404,Opera
70.230.146.129,2025-08-02 05:19:15,/checkout,200,Safari
138.200.204.244,2025-08-04 13:33:59,/checkout,200,Edge
2.79.148.95,2025-08-05 12:42:19,/product/123,200,Firefox
147.222.207.201,2025-08-06 10:26:14,/checkout,404,Safari
165.223.121.12,2025-08-03 11:40:32,/product/456,404,Chrome
156.164.5.244,2025-08-03 16:26:08,/product/456,500,Opera
67.81.28.49,2025-08-05 14:12:25,/home,200,Firefox
148.144.29.236,2025-08-03 06:56:12,/home,200,Firefox
95.169.61.85,2025-08-05 01:06:16,/search?q=shirts,200,Chrome
4.225.11.242,2025-08-01 17:24:24,/search?q=shirts,200,Opera
34.157.222.29,2025-08-01 03:55:26,/search?q=shirts,200,Safari
102.69.6.204,2025-08-06 03:24:01,/home,500,Safari
199.156.59.69,2025-08-02 09:43:56,/cart,200,Firefox
5.194.3.132,2025-08-06 12:33:32,/product/456,500,Opera
131.66.96.140,2025-08-06 20:16:14,/home,200,Safari
200.203.150.226,2025-08-07 09:35:21,/product/123,200,Firefox
131.61.0.218,2025-08-06 07:52:45,/product/123,200,Edge
97.69.91.143,2025-08-02 14:05:51,/product/123,200,Edge
149.65.44.122,2025-08-03 12:02:12,/home,200,Safari
146.173.219.9,2025-08-04 12:09:04,/search?q=shoes,404,Firefox
140.211.38.52,2025-08-03 02:23:04,/search?q=shirts,500,Chrome
90.126.113.178,2025-08-02 00:22:59,/search?q=shoes,500,Chrome
134.58.232.168,2025-08-06 03:45:28,/home,200,Edge
180.240.249.83,2025-08-02 09:39:55,/search?q=shirts,200,Chrome
179.143.184.142,2025-08-06 05:02:41,/product/789,404,Opera
194.187.169.210,2025-08-07 14:26:46,/search?q=shoes,200,Opera
202.124.67.96,2025-08-06 23:19:04,/cart,200,Firefox
103.116.130.201,2025-08-01 05:22:05,/search?q=shoes,200,Safari
28.3.156.73,2025-08-02 07:48:51,/product/789,404,Edge
178.165.113.200,2025-08-03 21:22:28,/search?q=shoes,500,Opera
101.186.198.243,2025-08-06 23:47:09,/search?q=shoes,500,Edge
197.128.226.164,2025-08-07 09:12:32,/product/123,404,Edge
100.49.227.87,2025-08-06 20:29:14,/product/789,200,Chrome
200.31.224.163,2025-08-07 04:10:00,/product/123,200,Edge
60.22.106.142,2025-08-04 02:54:47,/product/123,200,Edge
46.1.16.70,2025-08-05 10:51:58,/search?q=shoes,200,Edge
79.204.82.227,2025-08-07 23:50:01,/search?q=shoes,200,Opera
82.179.137.34,2025-08-05 16:32:09,/home,404,Chrome
210.95.127.76,2025-08-01 04:30:04,/search?q=shoes,500,Safari
20.201.44.136,2025-08-03 08:16:49,/product/123,200,Firefox
123.92.181.77,2025-08-01 06:57:21,/search?q=shirts,200,Opera
54.109.14.103,2025-08-07 16:31:52,/cart,200,Chrome
123.226.241.240,2025-08-06 00:44:19,/checkout,200,Opera
136.92.11.17,2025-08-05 23:22:25,/search?q=shirts,500,Firefox
175.242.30.142,2025-08-02 11:23:22,/product/123,200,Opera
190.222.41.207,2025-08-04 15:04:10,/cart,500,Safari
139.180.161.43,2025-08-01 22:41:38,/product/456,500,Edge
201.104.227.37,2025-08-03 09:04:54,/home,500,Opera
122.80.95.234,2025-08-01 21:08:00,/search?q=shirts,200,Chrome
30.40.37.185,2025-08-02 12:21:49,/product/456,500,Safari
178.110.188.23,2025-08-02 08:04:57,/checkout,200,Opera
19.213.190.100,2025-08-03 04:56:56,/checkout,200,Edge
106.235.138.29,2025-08-03 12:19:16,/search?q=shirts,500,Safari
155.177.224.57,2025-08-02 12:51:15,/cart,200,Firefox
147.73.237.11,2025-08-03 10:54:09,/product/789,404,Firefox
44.242.19.43,2025-08-05 23:17:04,/home,200,Safari
140.177.141.196,2025-08-04 16:13:27,/cart,500,Edge
113.130.120.30,2025-08-07 05:24:32,/home,200,Edge
132.142.208.149,2025-08-07 22:28:07,/search?q=shirts,200,Chrome
168.235.242.15,2025-08-06 21:41:03,/home,200,Safari
150.140.245.109,2025-08-07 07:29:50,/home,200,Safari
211.66.194.238,2025-08-04 08:14:40,/search?q=shirts,404,Chrome
122.81.129.113,2025-08-03 01:16:31,/product/456,200,Safari
136.192.167.211,2025-08-04 08:41:57,/home,200,Chrome
100.136.199.255,2025-08-01 12:16:44,/cart,200,Firefox
161.118.49.180,2025-08-06 12:48:34,/home,500,Safari
67.94.212.132,2025-08-04 13:48:40,/cart,500,Firefox
180.106.92.93,2025-08-07 02:12:14,/search?q=shirts,500,Chrome
191.214.17.248,2025-08-02 08:21:15,/product/456,200,Chrome
86.187.147.241,2025-08-03 11:11:46,/home,200,Opera
184.150.133.39,2025-08-06 13:11:15,/search?q=shirts,200,Firefox
90.60.182.233,2025-08-01 19:25:33,/search?q=shirts,200,Opera
175.94.145.206,2025-08-04 05:39:08,/checkout,200,Edge
163.90.0.56,2025-08-05 01:05:52,/product/456,200,Chrome
221.185.19.247,2025-08-07 18:48:51,/checkout,200,Safari
193.130.64.181,2025-08-06 14:24:46,/checkout,404,Safari
177.202.37.155,2025-08-05 14:54:52,/home,500,Opera
128.80.145.125,2025-08-04 06:05:55,/product/123,200,Opera
203.159.205.35,2025-08-06 20:19:46,/product/789,200,Opera
1.132.56.190,2025-08-07 07:45:29,/checkout,200,Edge
56.101.155.28,2025-08-05 06:40:34,/search?q=shoes,404,Opera
201.113.65.24,2025-08-06 17:20:45,/product/123,500,Edge
138.119.137.175,2025-08-07 20:30:10,/search?q=shirts,200,Firefox
165.153.107.4,2025-08-03 21:09:10,/checkout,200,Chrome
171.109.36.159,2025-08-04 00:48:40,/product/456,200,Firefox
25.189.61.221,2025-08-02 21:54:03,/search?q=shirts,500,Opera
88.228.246.98,2025-08-03 21:26:07,/product/789,200,Chrome
59.113.66.144,2025-08-05 00:31:40,/product/789,200,Edge
68.47.183.252,2025-08-06 17:15:18,/home,404,Firefox
37.196.68.63,2025-08-01 11:10:25,/cart,404,Opera
91.140.207.120,2025-08-03 12:53:11,/product/123,200,Opera
119.240.111.197,2025-08-04 19:16:19,/checkout,200,Chrome
37.58.217.102,2025-08-07 03:11:35,/product/123,200,Safari
211.252.129.43,2025-08-02 07:18:23,/search?q=shoes,500,Safari
182.219.113.182,2025-08-04 01:22:37,/cart,200,Firefox
209.142.95.209,2025-08-03 19:58:48,/search?q=shoes,404,Safari
193.143.246.118,2025-08-04 07:00:11,/product/789,404,Firefox
17.28.54.12,2025-08-06 11:07:16,/product/123,200,Chrome
132.243.7.118,2025-08-04 19:21:54,/checkout,500,Safari
12.212.131.242,2025-08-03 20:32:51,/product/456,404,Opera
50.78.227.65,2025-08-06 01:24:19,/search?q=shoes,404,Edge
110.204.99.69,2025-08-02 21:40:33,/product/789,200,Edge
176.113.213.152,2025-08-07 03:15:33,/search?q=shirts,200,Edge
149.74.47.124,2025-08-02 23:08:24,/product/789,200,Edge
157.11.153.49,2025-08-06 00:45:18,/search?q=shirts,404,Safari
154.182.160.189,2025-08-06 01:02:00,/cart,404,Chrome
66.18.43.76,2025-08-05 21:20:13,/product/123,200,Firefox
83.174.49.74,2025-08-05 15:10:58,/product/123,500,Edge
157.61.62.19,2025-08-05 18:43:29,/checkout,200,Firefox
132.238.118.58,2025-08-06 23:24:14,/search?q=shoes,200,Chrome
73.63.95.183,2025-08-07 21:34:54,/product/789,200,Chrome
167.132.228.62,2025-08-01 13:25:25,/cart,404,Chrome
172.203.31.181,2025-08-07 16:20:32,/product/123,200,Chrome
190.180.7.222,2025-08-03 11:06:49,/search?q=shirts,200,Firefox
203.55.5.51,2025-08-01 08:45:32,/product/123,200,Opera
65.181.26.149,2025-08-01 14:22:32,/search?q=shoes,404,Chrome
197.119.23.227,2025-08-03 23:39:59,/search?q=shoes,200,Chrome
62.5.242.243,2025-08-04 21:05:37,/search?q=shirts,200,Safari
116.196.239.207,2025-08-02 21:46:24,/home,200,Opera
120.218.132.62,2025-08-01 01:52:08,/checkout,404,Edge
69.15.125.153,2025-08-06 12:34:17,/home,500,Firefox
58.175.160.231,2025-08-01 17:43:24,/home,200,Chrome
156.29.54.45,2025-08-01 21:32:57,/product/123,200,Safari
125.85.2.227,2025-08-02 13:34:58,/home,200,Chrome
95.157.221.16,2025-08-02 18:46:01,/product/123,200,Edge
143.32.243.193,2025-08-03 07:17:51,/product/123,200,Edge
168.230.240.78,2025-08-07 22:08:38,/search?q=shirts,200,Safari
107.174.0.120,2025-08-07 21:58:19,/checkout,200,Chrome
192.14.67.220,2025-08-03 05:33:39,/product/789,404,Safari
35.148.157.111,2025-08-01 06:58:31,/checkout,200,Safari
16.7.14.243,2025-08-07 15:58:59,/cart,404,Chrome
146.63.14.80,2025-08-03 16:27:39,/home,200,Opera
46.156.25.200,2025-08-02 06:12:25,/product/123,200,Chrome
25.208.186.142,2025-08-04 06:18:31,/product/456,404,Safari
207.41.55.153,2025-08-04 09:50:54,/product/456,200,Opera
4.146.34.12,2025-08-03 10:26:48,/search?q=shoes,404,Chrome
111.171.153.93,2025-08-01 06:27:18,/product/123,200,Safari
129.9.181.159,2025-08-06 09:45:52,/home,404,Safari
78.231.222.118,2025-08-06 17:53:08,/home,200,Opera
74.36.108.42,2025-08-05 12:20:26,/checkout,200,Edge
169.4.26.117,2025-08-01 01:02:27,/product/789,200,Safari
107.169.188.214,2025-08-02 00:52:39,/search?q=shoes,404,Firefox
188.138.132.112,2025-08-02 00:47:23,/product/123,404,Safari
83.86.136.194,2025-08-05 02:22:51,/cart,200,Safari
135.212.66.114,2025-08-01 09:41:34,/checkout,404,Chrome
134.108.190.12,2025-08-02 20:32:54,/search?q=shoes,404,Chrome
67.49.189.128,2025-08-06 22:32:52,/product/789,404,Opera
50.196.115.120,2025-08-07 19:03:50,/product/123,404,Chrome
32.21.0.123,2025-08-05 07:40:38,/home,200,Opera
68.77.93.28,2025-08-04 19:30:03,/product/456,200,Chrome
133.54.37.86,2025-08-04 17:26:47,/checkout,200,Safari
7.190.9.203,2025-08-03 14:52:22,/home,200,Edge
129.132.9.164,2025-08-02 20:01:19,/checkout,200,Edge
201.44.233.247,2025-08-02 04:11:50,/product/123,200,Edge
168.239.95.142,2025-08-02 01:45:28,/search?q=shirts,404,Edge
156.53.11.201,2025-08-07 11:19:13,/product/123,404,Opera
105.244.105.59,2025-08-07 02:37:07,/product/789,200,Opera
54.249.82.234,2025-08-06 08:30:13,/product/789,200,Safari
57.14.229.171,2025-08-06 22:20:24,/home,500,Firefox
35.58.150.64,2025-08-01 00:11:53,/checkout,200,Safari
149.123.185.130,2025-08-01 20:05:54,/home,200,Firefox
215.7.178.90,2025-08-01 08:07:21,/checkout,500,Firefox
42.63.74.6,2025-08-05 16:45:47,/product/123,200,Edge
173.147.142.245,2025-08-04 23:49:54,/product/789,500,Firefox
38.176.23.243,2025-08-04 15:19:04,/product/789,404,Chrome
181.249.225.195,2025-08-01 08:13:14,/home,200,Opera
211.52.236.172,2025-08-01 03:51:26,/search?q=shoes,500,Edge
125.245.119.86,2025-08-03 11:14:55,/product/789,200,Opera
26.81.37.132,2025-08-07 03:26:42,/home,200,Safari
125.1.16.73,2025-08-06 04:37:27,/cart,200,Firefox
169.62.227.72,2025-08-04 07:18:56,/product/456,200,Edge
132.143.81.222,2025-08-02 16:29:55,/product/456,200,Opera
151.68.156.83,2025-08-02 04:27:16,/cart,200,Safari
178.44.180.3,2025-08-04 09:30:43,/search?q=shoes,404,Opera
54.122.235.252,2025-08-03 07:43:56,/product/456,200,Edge
100.1.191.177,2025-08-07 21:18:24,/cart,404,Safari
55.176.165.99,2025-08-01 05:23:36,/checkout,500,Opera
75.177.169.157,2025-08-05 17:53:45,/home,500,Opera
159.88.82.83,2025-08-02 07:16:15,/cart,200,Chrome
18.34.38.220,2025-08-07 01:27:44,/cart,200,Safari
76.28.65.173,2025-08-05 22:48:13,/search?q=shoes,200,Firefox
172.47.79.165,2025-08-01 06:24:09,/checkout,200,Opera
90.151.92.95,2025-08-06 06:01:16,/search?q=shirts,404,Firefox
131.251.191.240,2025-08-02 03:18:38,/product/123,404,Firefox
141.214.176.166,2025-08-05 17:59:59,/checkout,200,Edge
139.84.96.82,2025-08-03 20:30:20,/home,404,Safari
51.195.198.14,2025-08-07 20:48:15,/product/456,200,Chrome
116.52.80.237,2025-08-04 01:14:01,/checkout,200,Safari
46.133.252.184,2025-08-03 07:41:40,/search?q=shirts,200,Edge
180.213.7.55,2025-08-02 13:19:38,/search?q=shirts,200,Opera
202.241.1.126,2025-08-05 09:26:22,/search?q=shoes,200,Edge
168.255.36.18,2025-08-01 21:35:48,/checkout,500,Chrome
70.198.161.21,2025-08-03 01:02:52,/search?q=shirts,200,Safari
94.123.6.192,2025-08-03 02:38:48,/cart,200,Safari
149.19.127.2,2025-08-02 22:19:11,/search?q=shirts,404,Firefox
12.192.100.103,2025-08-04 00:51:36,/search?q=shirts,200,Chrome
98.61.68.211,2025-08-07 05:58:07,/product/789,200,Safari
51.179.120.88,2025-08-04 09:22:45,/home,404,Firefox
71.103.48.115,2025-08-02 08:24:54,/cart,200,Firefox
223.146.90.157,2025-08-02 16:26:17,/home,200,Firefox
104.177.112.98,2025-08-04 06:24:02,/product/789,404,Chrome
82.92.144.210,2025-08-05 08:50:17,/cart,500,Safari
140.146.221.72,2025-08-07 03:15:56,/product/789,200,Chrome
6.135.12.72,2025-08-06 04:52:01,/product/789,200,Chrome
167.6.230.50,2025-08-03 20:55:57,/product/456,500,Opera
4.58.124.180,2025-08-07 03:47:20,/search?q=shoes,500,Chrome
117.55.101.177,2025-08-05 03:36:55,/search?q=shoes,404,Edge
171.122.128.30,2025-08-01 15:57:34,/home,404,Edge
16.39.66.3,2025-08-07 12:53:18,/checkout,200,Opera
47.96.106.19,2025-08-04 07:01:12,/search?q=shoes,404,Edge
104.179.135.74,2025-08-05 11:51:24,/product/123,500,Firefox
152.76.43.163,2025-08-07 08:08:16,/home,404,Chrome
142.249.145.204,2025-08-04 17:07:45,/product/456,500,Firefox
36.98.100.195,2025-08-05 00:10:57,/search?q=shoes,500,Edge
11.227.183.70,2025-08-04 09:38:22,/home,200,Opera
147.48.151.50,2025-08-05 02:06:35,/product/123,200,Safari
44.227.238.226,2025-08-07 18:48:24,/home,404,Safari
61.189.204.148,2025-08-01 00:27:15,/checkout,200,Safari
170.201.242.162,2025-08-04 04:15:12,/search?q=shoes,500,Opera
76.33.27.69,2025-08-06 00:59:36,/product/456,404,Edge
201.74.247.130,2025-08-05 12:33:05,/search?q=shirts,200,Chrome
157.190.17.36,2025-08-07 06:23:17,/search?q=shoes,200,Opera
89.206.55.239,2025-08-03 01:24:47,/checkout,500,Opera
118.243.250.83,2025-08-06 14:02:21,/home,200,Opera
185.107.161.4,2025-08-05 03:39:27,/search?q=shirts,200,Safari
59.214.54.133,2025-08-03 17:53:04,/product/123,200,Chrome
87.11.184.217,2025-08-06 17:18:49,/product/456,404,Firefox
190.72.185.150,2025-08-01 11:05:54,/home,500,Chrome
61.45.81.129,2025-08-01 10:58:46,/home,500,Edge
156.113.176.25,2025-08-06 21:56:08,/cart,200,Safari
221.205.81.105,2025-08-03 02:58:39,/search?q=shoes,404,Safari
1.216.117.76,2025-08-07 14:42:32,/home,200,Firefox
180.185.177.140,2025-08-03 15:58:34,/search?q=shoes,500,Opera
4.99.2.145,2025-08-05 23:48:14,/search?q=shirts,200,Edge
155.192.123.139,2025-08-03 14:27:55,/search?q=shoes,200,Chrome
36.55.66.103,2025-08-02 06:40:21,/search?q=shirts,200,Safari
20.156.132.157,2025-08-07 20:47:16,/search?q=shoes,404,Chrome
89.55.187.228,2025-08-03 17:39:31,/product/789,200,Edge
38.129.126.203,2025-08-07 04:27:39,/search?q=shoes,200,Edge
197.222.224.58,2025-08-03 21:18:37,/checkout,200,Edge
96.33.235.86,2025-08-01 19:25:48,/home,404,Edge
73.230.247.84,2025-08-07 01:16:17,/search?q=shirts,404,Firefox
121.26.235.115,2025-08-06 14:14:48,/checkout,500,Edge
158.159.241.133,2025-08-06 02:07:12,/cart,200,Safari
151.200.255.177,2025-08-06 16:45:00,/search?q=shoes,200,Opera
190.171.106.29,2025-08-05 03:34:55,/search?q=shirts,500,Firefox
14.0.53.64,2025-08-04 16:58:51,/home,200,Opera
62.254.129.194,2025-08-07 18:49:14,/product/789,200,Safari
112.110.212.180,2025-08-03 21:04:39,/product/456,200,Safari
6.158.24.49,2025-08-03 07:24:13,/product/789,200,Firefox
212.109.181.183,2025-08-06 23:29:42,/search?q=shirts,200,Safari
174.102.138.110,2025-08-02 03:42:10,/home,404,Edge
223.54.226.21,2025-08-05 05:39:10,/search?q=shoes,500,Chrome
132.240.251.178,2025-08-03 04:05:55,/search?q=shirts,200,Firefox
118.49.136.12,2025-08-01 17:44:28,/product/123,500,Edge
71.185.232.35,2025-08-06 08:19:53,/product/789,200,Edge
187.145.98.242,2025-08-05 00:14:50,/home,500,Safari
16.96.195.130,2025-08-06 21:37:44,/search?q=shirts,200,Edge
120.23.197.166,2025-08-04 04:35:30,/product/456,200,Firefox
158.74.92.6,2025-08-04 03:44:53,/search?q=shoes,200,Edge
52.160.250.21,2025-08-03 23:23:39,/cart,500,Safari
167.237.216.80,2025-08-03 15:45:05,/product/456,500,Safari
143.233.156.96,2025-08-07 12:41:22,/product/123,200,Chrome
201.153.188.189,2025-08-05 21:10:57,/home,200,Edge
101.77.130.215,2025-08-01 03:18:25,/product/456,200,Opera
47.151.6.80,2025-08-06 11:48:07,/home,200,Edge
130.109.216.176,2025-08-03 14:48:59,/cart,500,Chrome
206.114.186.95,2025-08-01 10:12:31,/product/123,200,Chrome
163.140.14.32,2025-08-03 02:58:24,/product/456,200,Chrome
95.34.244.221,2025-08-02 00:30:29,/home,404,Opera
59.147.239.77,2025-08-05 09:46:13,/product/456,200,Chrome
88.66.122.184,2025-08-03 00:08:19,/product/789,200,Opera
164.39.67.77,2025-08-03 22:52:36,/search?q=shoes,500,Safari
147.3.122.194,2025-08-06 15:24:52,/search?q=shoes,200,Safari
152.144.162.8,2025-08-03 15:59:53,/product/789,200,Opera
11.73.104.183,2025-08-06 07:42:54,/search?q=shoes,200,Chrome
89.174.70.151,2025-08-06 01:29:55,/cart,200,Chrome
112.44.119.74,2025-08-02 13:55:26,/cart,200,Chrome
9.122.2.57,2025-08-04 18:41:49,/home,500,Safari
124.44.10.31,2025-08-07 18:00:39,/checkout,500,Opera
219.80.107.223,2025-08-04 11:48:25,/search?q=shirts,500,Firefox
200.123.82.215,2025-08-06 10:16:26,/checkout,404,Safari
222.209.82.11,2025-08-03 17:41:49,/search?q=shoes,200,Chrome
181.97.90.254,2025-08-03 23:20:01,/product/789,200,Chrome
15.170.3.248,2025-08-05 04:09:17,/product/789,200,Safari
163.205.47.160,2025-08-02 10:46:17,/product/789,404,Chrome
77.221.84.19,2025-08-06 08:46:48,/product/789,404,Firefox
107.228.11.79,2025-08-01 10:08:52,/cart,200,Opera
65.74.4.0,2025-08-03 03:59:45,/cart,200,Firefox
76.192.248.228,2025-08-05 23:06:51,/product/123,200,Edge
29.0.145.112,2025-08-05 14:27:19,/product/456,200,Edge
219.145.126.254,2025-08-05 16:29:19,/search?q=shoes,404,Safari
107.194.190.7,2025-08-05 01:28:49,/cart,500,Edge
163.43.128.23,2025-08-02 12:35:06,/product/123,200,Edge
154.5.80.100,2025-08-03 02:13:32,/checkout,200,Edge
160.138.52.7,2025-08-05 15:31:17,/search?q=shoes,200,Edge
16.15.228.183,2025-08-06 06:25:45,/home,500,Firefox
77.72.161.142,2025-08-02 12:53:41,/product/456,200,Firefox
157.65.210.204,2025-08-07 02:22:09,/product/456,200,Safari
114.31.253.181,2025-08-01 22:11:47,/search?q=shirts,200,Edge
38.24.49.90,2025-08-01 19:18:49,/cart,200,Firefox
136.46.213.144,2025-08-01 03:44:32,/product/456,500,Firefox
10.97.48.236,2025-08-04 03:58:04,/search?q=shirts,200,Opera
190.178.92.108,2025-08-02 21:23:35,/checkout,200,Firefox
215.127.106.191,2025-08-03 05:34:40,/product/789,500,Firefox
35.30.93.6,2025-08-05 04:51:24,/home,404,Firefox
85.86.41.211,2025-08-01 00:49:01,/cart,500,Edge
132.60.242.208,2025-08-05 11:16:27,/product/789,200,Opera
209.178.134.80,2025-08-03 15:51:27,/product/789,404,Chrome
79.179.172.255,2025-08-06 03:49:46,/product/123,200,Edge
84.167.65.47,2025-08-05 13:28:54,/search?q=shirts,404,Firefox
113.110.121.3,2025-08-07 12:48:51,/home,200,Chrome
219.242.211.231,2025-08-01 06:19:10,/product/789,200,Firefox
203.184.158.90,2025-08-05 04:02:22,/product/123,200,Safari
155.69.250.224,2025-08-04 14:49:59,/product/789,500,Opera
165.178.199.158,2025-08-01 06:09:13,/cart,500,Edge
120.112.170.193,2025-08-06 08:33:04,/product/789,200,Chrome
221.12.82.194,2025-08-02 00:15:31,/cart,500,Firefox
104.38.10.85,2025-08-06 14:14:01,/search?q=shirts,200,Safari
136.150.151.48,2025-08-04 17:14:32,/product/456,200,Opera
57.22.40.55,2025-08-07 13:07:39,/cart,500,Opera
131.13.122.211,2025-08-01 13:12:42,/cart,500,Edge
96.55.253.206,2025-08-01 15:16:40,/cart,500,Edge
11.76.213.199,2025-08-04 12:47:51,/product/456,200,Safari
1.189.12.118,2025-08-04 13:18:35,/product/456,200,Chrome
88.66.217.16,2025-08-07 05:10:43,/cart,200,Chrome
208.249.223.124,2025-08-02 13:27:47,/search?q=shirts,200,Edge
79.109.188.207,2025-08-04 10:15:52,/product/456,200,Safari
29.224.34.110,2025-08-04 17:37:44,/cart,200,Safari
8.187.21.228,2025-08-05 17:44:44,/checkout,404,Chrome
210.176.14.5,2025-08-07 07:12:06,/product/789,404,Edge
78.182.199.71,2025-08-03 07:37:21,/product/123,200,Chrome
106.43.94.160,2025-08-05 00:07:50,/checkout,404,Firefox
64.207.160.109,2025-08-07 07:49:27,/checkout,404,Safari
206.20.183.254,2025-08-03 01:58:56,/product/456,500,Firefox
79.145.249.54,2025-08-06 22:24:10,/cart,200,Edge
114.255.175.194,2025-08-02 00:21:38,/search?q=shoes,200,Edge
26.90.214.199,2025-08-01 09:09:55,/search?q=shirts,200,Safari
6.253.182.137,2025-08-02 19:31:26,/search?q=shirts,200,Firefox
86.91.176.49,2025-08-01 14:00:53,/product/123,404,Opera
146.114.54.240,2025-08-03 20:09:19,/search?q=shoes,200,Chrome
13.229.207.200,2025-08-02 05:50:41,/checkout,200,Opera
195.216.99.226,2025-08-03 18:38:35,/product/123,404,Edge
177.151.238.101,2025-08-06 17:37:07,/search?q=shirts,500,Chrome
179.109.104.180,2025-08-07 00:04:32,/search?q=shoes,500,Edge
95.82.23.203,2025-08-03 14:34:02,/search?q=shirts,500,Safari
173.137.88.169,2025-08-05 15:42:30,/product/456,200,Edge
2.44.227.43,2025-08-04 03:09:01,/search?q=shirts,200,Opera
149.231.125.183,2025-08-03 20:17:37,/checkout,200,Opera
173.128.168.79,2025-08-02 02:52:19,/product/789,200,Opera
185.5.171.45,2025-08-04 09:20:04,/search?q=shoes,404,Safari
145.232.119.102,2025-08-03 05:18:29,/search?q=shoes,500,Chrome
159.13.5.153,2025-08-07 09:36:52,/cart,200,Safari
93.23.58.228,2025-08-07 01:04:08,/home,200,Chrome
194.33.58.110,2025-08-02 19:22:14,/home,404,Edge
183.141.160.255,2025-08-01 09:42:38,/cart,500,Chrome
42.162.111.179,2025-08-04 06:54:36,/checkout,200,Edge
106.88.181.63,2025-08-02 17:44:48,/search?q=shoes,200,Opera
171.225.31.154,2025-08-07 12:40:55,/search?q=shoes,404,Chrome
100.42.224.200,2025-08-01 03:59:29,/product/789,200,Safari
182.185.170.78,2025-08-04 19:02:01,/home,404,Opera
144.217.81.49,2025-08-03 01:26:56,/product/123,200,Firefox
67.200.191.204,2025-08-01 06:26:29,/product/789,404,Opera
103.36.102.133,2025-08-07 03:40:32,/cart,200,Firefox
11.179.76.112,2025-08-01 04:40:06,/product/456,200,Opera
120.121.66.5,2025-08-05 13:56:50,/search?q=shirts,200,Chrome
188.63.205.94,2025-08-05 19:43:57,/search?q=shirts,200,Chrome
180.35.38.68,2025-08-01 08:46:40,/search?q=shoes,404,Edge
203.73.127.13,2025-08-03 00:40:00,/search?q=shirts,200,Safari
35.226.50.112,2025-08-06 08:49:45,/cart,500,Firefox
198.136.60.130,2025-08-05 07:26:36,/checkout,200,Edge
144.86.199.141,2025-08-04 20:00:35,/product/789,200,Chrome
163.241.53.2,2025-08-03 08:08:14,/product/789,200,Opera
93.240.37.162,2025-08-02 19:58:55,/home,404,Safari
136.187.248.183,2025-08-05 22:25:05,/search?q=shoes,200,Chrome
117.217.63.27,2025-08-05 17:47:16,/checkout,404,Chrome
18.242.12.87,2025-08-01 11:11:01,/product/789,500,Edge
188.126.210.206,2025-08-06 03:42:52,/product/456,200,Safari
182.81.228.56,2025-08-05 01:23:29,/checkout,500,Safari
22.39.192.27,2025-08-01 06:31:02,/home,500,Chrome
123.189.42.128,2025-08-04 20:42:20,/product/789,200,Firefox
111.151.233.16,2025-08-07 15:01:21,/checkout,200,Safari
46.101.244.170,2025-08-05 12:42:53,/home,404,Edge
201.190.50.223,2025-08-05 14:36:50,/search?q=shirts,200,Chrome
75.127.220.109,2025-08-06 13:49:16,/home,404,Chrome
198.240.79.117,2025-08-01 13:03:05,/search?q=shirts,200,Edge
77.126.76.15,2025-08-01 19:08:45,/checkout,404,Safari
216.85.115.43,2025-08-01 06:37:00,/checkout,200,Opera
39.53.129.74,2025-08-07 12:27:58,/cart,500,Safari
104.251.51.7,2025-08-03 15:40:04,/product/789,200,Opera
153.34.77.70,2025-08-02 03:25:21,/product/123,200,Chrome
130.163.191.173,2025-08-07 18:44:46,/checkout,200,Opera
153.211.22.39,2025-08-04 16:31:48,/search?q=shoes,200,Firefox
180.81.19.119,2025-08-05 06:19:23,/product/456,200,Opera
164.125.95.65,2025-08-06 04:30:54,/cart,200,Firefox
66.55.216.235,2025-08-05 13:46:19,/product/123,200,Firefox
109.6.80.15,2025-08-05 14:58:42,/home,200,Chrome
154.245.166.109,2025-08-06 08:00:37,/search?q=shirts,404,Firefox
84.91.163.70,2025-08-01 16:52:55,/cart,200,Opera
155.246.27.25,2025-08-02 21:31:42,/product/789,200,Firefox
162.249.204.243,2025-08-05 11:41:17,/search?q=shoes,404,Firefox
164.110.118.16,2025-08-05 03:12:22,/product/123,200,Safari
73.233.4.151,2025-08-04 03:25:37,/product/789,200,Opera
14.133.237.22,2025-08-04 16:17:17,/product/789,200,Opera
90.207.252.151,2025-08-07 17:27:17,/product/123,404,Chrome
35.55.104.97,2025-08-02 21:07:08,/product/123,500,Chrome
204.144.248.215,2025-08-05 00:33:32,/search?q=shoes,500,Edge
32.151.140.245,2025-08-07 21:48:35,/home,200,Chrome
106.225.74.55,2025-08-03 21:03:35,/cart,200,Safari
202.199.174.195,2025-08-07 12:54:43,/home,404,Opera
31.180.15.87,2025-08-06 08:28:05,/cart,500,Opera
206.47.252.230,2025-08-02 15:35:42,/home,200,Edge
203.163.51.187,2025-08-04 09:12:56,/search?q=shirts,404,Edge
140.163.174.227,2025-08-05 10:53:58,/home,500,Opera
88.181.116.103,2025-08-03 02:07:53,/cart,200,Opera
37.88.30.193,2025-08-06 09:00:50,/product/456,404,Chrome
218.31.159.158,2025-08-04 06:29:26,/product/789,200,Edge
211.64.152.127,2025-08-06 22:05:30,/product/123,404,Opera
30.188.204.183,2025-08-02 06:27:17,/product/123,200,Opera
91.167.160.52,2025-08-05 19:07:28,/product/123,500,Opera
104.137.19.44,2025-08-05 06:57:21,/cart,200,Chrome
4.129.41.173,2025-08-04 23:11:45,/home,200,Opera
188.54.78.210,2025-08-07 22:21:10,/home,200,Chrome
94.60.183.77,2025-08-03 23:50:16,/search?q=shoes,200,Safari
169.224.12.209,2025-08-03 09:42:31,/home,500,Opera
72.34.109.47,2025-08-04 23:44:16,/search?q=shirts,500,Chrome
87.103.77.189,2025-08-03 02:29:27,/cart,500,Firefox
51.230.239.18,2025-08-01 23:04:20,/search?q=shoes,200,Edge
66.43.11.61,2025-08-06 19:39:58,/search?q=shoes,500,Safari
145.39.52.132,2025-08-07 20:04:40,/product/456,500,Chrome
77.166.78.216,2025-08-04 00:51:02,/checkout,200,Chrome
107.200.138.182,2025-08-03 07:55:03,/product/456,404,Chrome
212.97.99.89,2025-08-04 12:19:54,/home,200,Edge
22.36.195.3,2025-08-01 22:23:43,/checkout,200,Opera
160.97.100.167,2025-08-02 18:05:27,/product/123,500,Edge
208.4.249.172,2025-08-04 15:04:33,/search?q=shoes,200,Edge
143.169.9.171,2025-08-02 18:08:32,/search?q=shoes,200,Opera
166.239.200.206,2025-08-05 16:50:31,/search?q=shirts,500,Opera
155.201.185.38,2025-08-03 14:36:14,/checkout,200,Chrome
30.107.200.215,2025-08-03 11:42:25,/product/789,200,Chrome
18.62.77.134,2025-08-03 20:33:22,/checkout,200,Safari
202.6.3.236,2025-08-04 00:09:27,/product/123,404,Edge
113.190.208.3,2025-08-02 21:08:09,/product/456,500,Opera
49.199.105.216,2025-08-02 21:12:48,/search?q=shoes,200,Opera
133.147.185.218,2025-08-04 21:09:39,/product/456,200,Opera
163.247.110.93,2025-08-06 10:21:34,/search?q=shirts,200,Edge
76.56.81.151,2025-08-06 14:50:52,/home,200,Safari
121.196.56.216,2025-08-01 09:25:12,/search?q=shoes,404,Safari
65.213.156.90,2025-08-07 00:44:16,/product/789,500,Firefox
182.209.236.204,2025-08-01 04:02:39,/home,200,Firefox
22.176.82.8,2025-08-07 02:47:53,/product/789,500,Edge
203.202.143.37,2025-08-01 19:57:29,/product/456,404,Firefox
191.227.170.83,2025-08-05 05:52:45,/product/123,200,Edge
204.151.89.96,2025-08-05 07:25:39,/search?q=shoes,200,Chrome
29.223.214.66,2025-08-03 01:35:16,/product/789,200,Chrome
57.236.36.96,2025-08-05 16:19:41,/product/456,404,Edge
24.126.135.64,2025-08-04 22:03:45,/home,500,Edge
33.12.127.181,2025-08-02 04:15:09,/product/456,404,Safari
55.207.245.131,2025-08-07 00:25:20,/search?q=shoes,200,Firefox
200.175.114.96,2025-08-03 01:07:54,/checkout,404,Safari
142.99.181.245,2025-08-02 03:04:18,/cart,500,Safari
106.46.234.123,2025-08-01 09:48:02,/product/123,200,Safari
178.175.101.1,2025-08-07 09:19:03,/checkout,500,Chrome
167.250.175.168,2025-08-03 23:23:28,/product/123,200,Edge
211.173.41.168,2025-08-03 23:27:30,/product/789,200,Opera
113.156.141.110,2025-08-01 13:21:32,/product/123,200,Firefox
98.217.248.220,2025-08-02 04:06:22,/product/456,404,Chrome
220.249.204.88,2025-08-04 19:53:05,/cart,200,Opera
18.5.217.73,2025-08-04 12:53:09,/checkout,200,Firefox
110.112.154.49,2025-08-02 14:08:35,/product/456,500,Chrome
108.14.126.17,2025-08-01 22:57:51,/checkout,500,Firefox
213.254.120.38,2025-08-04 06:53:43,/product/123,200,Edge
145.135.210.58,2025-08-05 06:58:38,/search?q=shirts,200,Edge
59.34.230.137,2025-08-01 12:08:42,/product/789,404,Safari
78.141.222.168,2025-08-07 21:30:36,/cart,404,Firefox
135.7.253.205,2025-08-02 17:48:35,/checkout,200,Chrome
80.118.250.17,2025-08-02 06:27:25,/search?q=shirts,200,Opera
6.109.218.124,2025-08-02 06:46:19,/product/123,200,Opera
215.118.151.82,2025-08-02 11:57:56,/product/456,500,Safari
54.137.8.235,2025-08-02 12:50:58,/home,500,Chrome
71.162.208.252,2025-08-02 07:08:41,/home,200,Chrome
111.1.104.126,2025-08-02 05:38:34,/home,200,Opera
99.42.117.25,2025-08-05 00:55:02,/home,404,Chrome
111.31.100.165,2025-08-05 20:51:00,/checkout,200,Safari
70.172.108.195,2025-08-04 10:16:24,/checkout,200,Edge
58.189.39.37,2025-08-06 08:03:36,/product/123,404,Safari
57.101.162.188,2025-08-03 08:58:29,/checkout,500,Safari
29.241.35.226,2025-08-03 13:33:11,/search?q=shoes,500,Edge
200.62.109.61,2025-08-05 14:58:27,/product/456,200,Edge
205.9.174.172,2025-08-07 02:02:30,/search?q=shirts,500,Chrome
48.158.3.5,2025-08-02 07:20:35,/search?q=shirts,200,Chrome
11.212.184.73,2025-08-04 06:43:51,/search?q=shirts,500,Firefox
62.174.87.200,2025-08-03 06:34:32,/search?q=shirts,200,Chrome
69.84.93.134,2025-08-03 07:41:34,/product/456,200,Safari
146.168.173.59,2025-08-02 01:18:27,/product/789,200,Chrome
94.116.207.16,2025-08-05 16:14:52,/search?q=shirts,404,Opera
123.247.169.61,2025-08-01 22:16:09,/product/123,500,Opera
115.37.150.237,2025-08-06 23:05:09,/product/123,200,Chrome
61.106.131.74,2025-08-03 00:02:17,/home,200,Opera
23.127.28.160,2025-08-01 11:23:24,/product/456,500,Firefox
93.81.42.158,2025-08-02 22:44:13,/product/123,500,Opera
101.134.185.98,2025-08-01 18:58:50,/home,404,Firefox
2.138.72.228,2025-08-02 07:06:19,/search?q=shoes,404,Opera
152.12.119.198,2025-08-07 14:07:14,/checkout,200,Safari
145.192.66.67,2025-08-05 05:53:20,/home,404,Opera
116.127.45.39,2025-08-02 07:33:19,/search?q=shoes,500,Firefox
10.95.163.86,2025-08-07 13:31:44,/product/789,200,Chrome
67.38.225.151,2025-08-02 04:57:39,/home,200,Edge
154.122.196.212,2025-08-04 01:55:52,/search?q=shirts,404,Opera
13.226.212.175,2025-08-06 11:26:38,/search?q=shoes,200,Edge
204.92.108.47,2025-08-03 00:58:17,/search?q=shirts,200,Edge
183.229.59.142,2025-08-04 15:30:00,/home,200,Edge
92.220.58.124,2025-08-04 05:50:26,/search?q=shirts,200,Edge
142.32.63.2,2025-08-04 23:19:31,/checkout,404,Chrome
24.244.248.78,2025-08-07 04:21:05,/home,200,Safari
181.71.61.217,2025-08-06 20:25:56,/product/789,200,Opera
176.84.221.48,2025-08-01 09:57:42,/product/123,200,Safari
156.218.105.29,2025-08-05 19:32:00,/product/789,200,Chrome
185.214.62.41,2025-08-02 01:36:03,/search?q=shirts,404,Safari
15.116.110.196,2025-08-04 13:14:03,/search?q=shirts,200,Opera
121.139.17.85,2025-08-04 07:07:17,/search?q=shoes,200,Firefox
157.34.229.244,2025-08-05 01:14:51,/product/123,404,Safari
99.124.210.29,2025-08-06 02:33:45,/home,200,Opera
40.167.48.233,2025-08-04 11:51:28,/checkout,404,Opera
11.172.134.8,2025-08-06 08:33:56,/product/123,404,Firefox
197.8.158.65,2025-08-03 01:10:04,/product/789,200,Opera
123.229.57.90,2025-08-02 20:41:08,/product/789,200,Opera
44.207.192.143,2025-08-06 13:58:26,/cart,200,Edge
160.19.237.116,2025-08-06 09:58:13,/checkout,404,Chrome
198.210.242.105,2025-08-05 00:15:50,/home,404,Safari
105.252.157.197,2025-08-04 13:53:18,/product/456,200,Chrome
151.96.98.220,2025-08-04 21:35:43,/product/789,200,Chrome
83.176.154.36,2025-08-01 05:43:23,/cart,200,Opera
213.119.205.246,2025-08-05 05:45:43,/checkout,200,Opera
64.252.116.109,2025-08-02 14:42:22,/search?q=shoes,200,Chrome
62.175.212.216,2025-08-06 09:35:40,/product/789,200,Safari
80.202.183.23,2025-08-03 02:34:43,/product/789,200,Safari
4.181.85.226,2025-08-06 10:51:52,/search?q=shoes,200,Chrome
221.37.20.28,2025-08-02 03:48:56,/checkout,404,Chrome
119.216.197.252,2025-08-05 13:57:31,/product/456,200,Chrome
101.117.217.46,2025-08-02 00:34:07,/search?q=shirts,404,Opera
18.60.255.125,2025-08-03 18:43:19,/checkout,200,Chrome
197.255.49.74,2025-08-03 17:06:27,/home,200,Safari
76.255.152.27,2025-08-02 07:59:14,/home,200,Opera
117.194.196.81,2025-08-04 15:20:15,/home,404,Firefox
71.55.86.94,2025-08-04 09:32:27,/product/123,500,Safari
218.255.160.190,2025-08-03 01:09:00,/search?q=shoes,500,Opera
103.221.152.13,2025-08-05 02:42:04,/checkout,200,Firefox
74.101.126.223,2025-08-07 04:36:35,/checkout,404,Chrome
163.72.150.75,2025-08-06 01:21:06,/home,404,Chrome
98.12.87.73,2025-08-07 20:20:29,/product/456,200,Opera
34.63.2.40,2025-08-06 06:30:14,/search?q=shirts,200,Edge
149.108.194.239,2025-08-07 14:18:03,/product/456,200,Edge
138.158.105.60,2025-08-03 05:18:46,/product/123,200,Chrome
150.145.239.5,2025-08-01 16:46:37,/cart,404,Edge
4.45.156.114,2025-08-05 05:13:43,/checkout,200,Safari
146.6.228.230,2025-08-02 08:17:14,/home,200,Edge
102.106.113.60,2025-08-02 00:11:11,/cart,200,Edge
48.126.225.10,2025-08-03 21:23:45,/search?q=shoes,500,Edge
101.251.123.210,2025-08-04 21:02:10,/home,200,Chrome
65.173.87.156,2025-08-06 23:08:39,/cart,500,Opera
176.1.5.65,2025-08-03 18:45:42,/search?q=shirts,200,Safari
81.251.11.84,2025-08-05 11:12:38,/product/789,200,Chrome
3.39.192.151,2025-08-04 00:54:20,/cart,200,Chrome
216.221.254.161,2025-08-07 05:30:04,/search?q=shirts,200,Safari
213.91.218.33,2025-08-04 16:19:38,/product/123,200,Edge
95.241.3.67,2025-08-03 20:42:56,/home,200,Firefox
104.152.254.205,2025-08-04 23:33:41,/product/456,200,Safari
30.159.22.71,2025-08-07 08:12:21,/checkout,200,Safari
164.26.94.2,2025-08-02 04:23:54,/checkout,200,Edge
102.187.104.239,2025-08-04 10:34:46,/search?q=shoes,500,Firefox
121.243.251.139,2025-08-06 12:53:28,/product/789,200,Opera
205.62.153.53,2025-08-06 13:28:57,/product/789,200,Chrome
114.139.113.89,2025-08-02 19:12:23,/product/123,500,Edge
47.79.149.229,2025-08-07 14:32:46,/checkout,200,Safari
211.82.236.67,2025-08-02 06:32:23,/product/456,200,Edge
14.126.238.187,2025-08-04 10:56:16,/checkout,200,Opera
98.252.139.173,2025-08-01 06:00:52,/search?q=shirts,200,Firefox
203.8.222.224,2025-08-06 07:57:03,/search?q=shirts,200,Chrome
189.191.249.33,2025-08-01 16:59:51,/search?q=shirts,200,Edge
1.25.137.95,2025-08-04 08:55:43,/search?q=shoes,200,Firefox
71.1.16.246,2025-08-06 16:45:18,/product/789,200,Firefox
165.52.25.247,2025-08-03 16:29:24,/search?q=shirts,404,Safari
118.182.161.11,2025-08-02 03:46:58,/home,500,Chrome
155.24.106.207,2025-08-04 03:39:06,/search?q=shirts,500,Firefox
3.7.78.63,2025-08-07 23:19:53,/search?q=shirts,404,Opera
45.89.183.37,2025-08-04 09:16:22,/search?q=shirts,200,Opera
94.229.129.128,2025-08-04 17:36:47,/product/123,200,Firefox
203.176.198.236,2025-08-02 12:04:47,/checkout,404,Edge
58.88.117.181,2025-08-03 05:14:42,/product/123,200,Edge
43.162.223.108,2025-08-06 17:02:24,/search?q=shoes,404,Edge
9.90.46.120,2025-08-02 05:22:48,/search?q=shirts,404,Firefox
113.27.18.145,2025-08-03 22:15:43,/cart,200,Firefox
101.233.135.215,2025-08-05 22:12:32,/checkout,404,Safari
95.42.255.8,2025-08-04 16:52:48,/product/789,200,Edge
134.49.203.90,2025-08-01 13:11:00,/cart,200,Safari
82.104.26.72,2025-08-03 00:58:04,/product/456,404,Firefox
184.131.202.30,2025-08-03 18:51:17,/search?q=shoes,200,Edge
120.84.115.139,2025-08-02 20:15:41,/product/123,404,Edge
50.221.18.40,2025-08-05 07:23:05,/home,200,Chrome
52.211.236.71,2025-08-05 17:49:12,/product/123,200,Opera
36.125.76.218,2025-08-06 12:27:26,/cart,500,Safari
66.190.101.116,2025-08-07 08:41:56,/product/456,200,Opera
126.140.57.170,2025-08-05 10:39:29,/product/123,500,Firefox
134.135.53.161,2025-08-01 06:45:55,/product/789,200,Opera
2.199.41.101,2025-08-07 03:43:41,/search?q=shirts,200,Edge
170.90.221.54,2025-08-02 16:46:06,/checkout,200,Chrome
182.122.115.171,2025-08-03 22:41:36,/product/789,200,Chrome
37.123.73.236,2025-08-05 09:17:21,/product/789,500,Edge
54.166.161.92,2025-08-07 05:10:13,/checkout,404,Firefox
59.178.69.113,2025-08-02 07:32:39,/cart,404,Chrome
16.11.172.4,2025-08-01 23:55:39,/search?q=shirts,200,Opera
169.44.169.159,2025-08-03 09:37:30,/search?q=shirts,200,Edge
63.32.80.111,2025-08-07 04:48:05,/home,200,Edge
38.9.185.214,2025-08-04 15:05:12,/home,200,Opera
119.192.156.101,2025-08-07 03:42:09,/product/123,404,Edge
181.12.32.130,2025-08-02 10:29:01,/cart,200,Firefox
46.174.47.110,2025-08-07 10:06:43,/product/123,404,Safari
102.254.170.40,2025-08-04 19:34:51,/checkout,404,Opera
211.253.110.45,2025-08-04 18:05:24,/checkout,200,Safari
27.94.242.89,2025-08-03 13:48:30,/product/123,200,Chrome
130.111.160.240,2025-08-07 12:52:13,/home,500,Opera
204.166.115.187,2025-08-02 23:36:15,/cart,500,Safari
9.202.84.109,2025-08-05 10:22:53,/cart,200,Opera
156.131.10.242,2025-08-05 18:24:09,/product/789,404,Opera
150.88.15.162,2025-08-03 02:25:39,/home,200,Edge
140.215.149.201,2025-08-06 06:31:30,/search?q=shoes,200,Edge
59.255.229.114,2025-08-02 11:01:14,/home,200,Opera
39.199.36.75,2025-08-02 05:12:03,/search?q=shoes,500,Firefox
81.90.118.8,2025-08-03 22:15:35,/product/123,404,Safari
81.49.209.238,2025-08-07 16:41:15,/product/789,500,Safari
109.154.244.119,2025-08-01 19:07:26,/product/123,200,Chrome
120.130.20.209,2025-08-03 23:05:07,/product/456,200,Chrome
217.110.190.33,2025-08-06 01:57:42,/search?q=shirts,200,Safari
197.60.37.18,2025-08-01 05:11:49,/cart,404,Chrome
27.210.59.41,2025-08-01 06:41:13,/home,200,Firefox
47.154.246.31,2025-08-06 00:31:37,/cart,404,Edge
7.220.205.255,2025-08-03 19:45:17,/search?q=shoes,500,Firefox
208.120.108.173,2025-08-05 19:20:21,/cart,500,Safari
136.166.58.185,2025-08-01 09:37:50,/product/456,200,Opera
47.151.241.229,2025-08-04 07:12:16,/checkout,200,Opera
131.69.191.235,2025-08-04 11:42:48,/cart,200,Safari
33.42.1.150,2025-08-06 06:58:03,/search?q=shirts,200,Edge
43.183.19.19,2025-08-03 21:31:47,/search?q=shoes,500,Firefox
53.10.204.45,2025-08-02 18:19:38,/search?q=shoes,500,Opera
120.89.125.46,2025-08-05 04:19:59,/cart,200,Edge
31.201.44.144,2025-08-01 01:07:27,/product/789,500,Opera
18.197.97.8,2025-08-03 09:25:07,/home,200,Chrome
214.40.66.204,2025-08-06 08:30:48,/checkout,200,Safari
68.117.127.39,2025-08-06 18:52:54,/search?q=shirts,404,Edge
119.75.66.179,2025-08-05 08:15:35,/product/123,404,Opera
128.41.177.27,2025-08-03 00:54:42,/search?q=shoes,404,Edge
188.147.221.38,2025-08-03 03:07:32,/search?q=shoes,200,Chrome
2.75.147.96,2025-08-06 22:44:18,/cart,500,Opera
105.163.60.113,2025-08-02 09:28:43,/home,200,Safari
83.84.227.78,2025-08-06 04:30:54,/checkout,200,Chrome
147.9.66.136,2025-08-05 12:58:35,/search?q=shirts,200,Opera
141.185.171.186,2025-08-01 16:03:10,/product/123,404,Firefox
89.183.32.112,2025-08-06 09:10:55,/home,200,Edge
84.2.119.10,2025-08-01 10:13:21,/home,404,Opera
217.25.234.195,2025-08-05 11:37:51,/product/789,200,Chrome
171.1.48.34,2025-08-06 22:52:55,/search?q=shirts,200,Opera
38.195.241.174,2025-08-03 07:28:18,/product/456,500,Opera
125.31.183.205,2025-08-03 14:58:39,/search?q=shirts,200,Edge
173.15.192.190,2025-08-05 11:03:41,/search?q=shirts,200,Edge
41.122.169.24,2025-08-01 13:42:53,/product/123,200,Chrome
29.69.177.187,2025-08-02 05:20:01,/product/789,500,Firefox
139.103.81.253,2025-08-05 21:01:01,/product/789,200,Safari
54.14.117.217,2025-08-05 06:20:36,/search?q=shoes,200,Opera
176.225.64.228,2025-08-07 06:56:13,/product/456,200,Safari
78.117.134.32,2025-08-04 00:58:03,/search?q=shoes,404,Edge
140.94.190.51,2025-08-01 16:41:50,/cart,200,Edge
112.97.31.252,2025-08-07 08:50:57,/home,200,Safari
126.66.188.68,2025-08-03 06:52:31,/home,200,Opera
36.126.243.187,2025-08-06 18:27:39,/search?q=shoes,404,Edge
180.82.254.180,2025-08-02 16:38:36,/search?q=shirts,200,Edge
95.52.117.53,2025-08-07 02:38:21,/search?q=shoes,500,Safari
19.51.237.82,2025-08-07 10:12:52,/cart,500,Edge
108.192.217.180,2025-08-06 10:19:20,/product/456,200,Opera
1.92.94.78,2025-08-01 04:19:06,/checkout,500,Safari
211.207.44.208,2025-08-07 14:24:59,/product/123,200,Safari
214.111.71.253,2025-08-06 12:12:15,/product/789,200,Safari
161.88.74.91,2025-08-02 08:25:49,/product/456,200,Chrome
93.39.166.224,2025-08-06 17:26:47,/product/123,404,Safari
161.171.14.226,2025-08-02 09:22:41,/product/123,200,Opera
35.29.152.88,2025-08-02 09:11:16,/home,200,Chrome
211.184.73.150,2025-08-07 13:03:56,/search?q=shirts,200,Chrome
178.232.242.41,2025-08-06 04:22:45,/search?q=shoes,200,Safari
55.131.249.21,2025-08-02 17:13:39,/checkout,200,Chrome
72.210.129.67,2025-08-06 02:02:44,/search?q=shirts,200,Safari
119.179.184.80,2025-08-04 16:51:44,/search?q=shoes,200,Chrome
1.180.163.238,2025-08-05 20:40:17,/product/123,500,Chrome
150.108.150.161,2025-08-07 15:14:26,/home,404,Chrome
41.165.151.120,2025-08-05 17:06:03,/checkout,200,Safari
135.211.58.186,2025-08-02 01:57:37,/search?q=shoes,500,Edge
52.80.4.239,2025-08-05 20:37:35,/home,404,Opera
61.229.21.118,2025-08-06 02:00:29,/product/123,200,Opera
17.64.167.61,2025-08-02 10:24:13,/checkout,500,Safari
70.72.166.46,2025-08-07 12:03:19,/product/789,200,Safari
143.84.72.105,2025-08-04 00:12:52,/product/123,500,Opera
95.186.185.67,2025-08-01 08:25:48,/search?q=shoes,200,Firefox
131.4.134.170,2025-08-03 23:37:59,/cart,200,Edge
128.119.71.157,2025-08-06 13:38:44,/search?q=shirts,200,Safari
186.150.222.57,2025-08-07 07:06:36,/product/456,200,Edge
209.58.174.66,2025-08-02 00:29:21,/product/789,404,Chrome
133.147.197.31,2025-08-07 18:30:30,/product/123,200,Firefox
19.247.213.51,2025-08-05 10:41:21,/product/789,200,Opera
70.70.255.33,2025-08-04 16:32:52,/search?q=shoes,200,Chrome
104.166.105.64,2025-08-06 14:42:08,/product/456,200,Firefox
26.241.102.55,2025-08-04 08:14:55,/search?q=shirts,200,Opera
138.115.109.213,2025-08-05 20:00:21,/search?q=shirts,200,Edge
164.53.233.239,2025-08-07 16:06:11,/product/456,200,Safari
82.92.122.208,2025-08-04 00:53:47,/product/789,500,Firefox
131.151.30.211,2025-08-06 04:42:28,/home,500,Opera
151.181.166.199,2025-08-05 13:23:36,/product/123,200,Safari
200.153.82.22,2025-08-06 01:39:06,/search?q=shoes,200,Firefox
174.153.206.245,2025-08-02 10:22:40,/home,404,Safari
172.150.254.138,2025-08-03 16:32:50,/checkout,404,Firefox
183.3.23.163,2025-08-01 16:57:02,/home,200,Opera
208.41.201.29,2025-08-04 07:39:25,/product/456,404,Edge
178.175.88.67,2025-08-01 21:00:29,/search?q=shoes,404,Edge
134.208.99.83,2025-08-02 13:23:41,/search?q=shirts,500,Opera
199.28.157.40,2025-08-04 21:35:30,/product/123,200,Opera
101.253.155.150,2025-08-06 12:38:24,/product/456,404,Firefox
95.156.224.54,2025-08-07 13:25:42,/product/123,200,Safari
110.129.247.146,2025-08-05 08:17:45,/product/123,200,Chrome
220.20.159.98,2025-08-02 19:09:41,/checkout,200,Safari
144.35.238.59,2025-08-03 14:35:25,/search?q=shoes,200,Chrome
207.16.78.99,2025-08-04 23:08:48,/search?q=shirts,200,Edge
41.160.13.123,2025-08-02 00:53:02,/checkout,200,Chrome
53.253.109.94,2025-08-04 19:05:44,/checkout,200,Opera
150.136.119.94,2025-08-01 08:42:09,/cart,200,Edge
115.66.63.2,2025-08-04 18:51:07,/product/456,500,Edge
211.82.98.36,2025-08-05 18:15:42,/search?q=shoes,200,Edge
215.170.168.248,2025-08-03 04:32:03,/search?q=shoes,200,Edge
22.204.178.12,2025-08-05 19:05:24,/search?q=shirts,200,Firefox
66.135.180.177,2025-08-05 05:16:26,/product/123,200,Firefox
110.72.20.87,2025-08-05 19:19:46,/checkout,500,Firefox
50.41.81.103,2025-08-07 08:03:34,/search?q=shoes,200,Edge
200.76.149.151,2025-08-04 19:56:27,/product/456,200,Safari
211.63.141.35,2025-08-03 01:25:18,/product/456,200,Opera
213.17.74.252,2025-08-06 15:14:53,/product/456,500,Safari
202.28.253.223,2025-08-05 00:42:20,/search?q=shirts,200,Firefox
144.32.94.131,2025-08-06 05:40:34,/cart,500,Edge
83.129.249.190,2025-08-07 01:19:14,/search?q=shoes,200,Edge
208.181.203.255,2025-08-07 07:22:57,/product/456,200,Edge
186.144.30.20,2025-08-06 18:06:43,/checkout,500,Opera
193.238.215.92,2025-08-02 05:12:38,/checkout,404,Edge
47.214.67.229,2025-08-02 00:22:34,/product/456,500,Edge
54.60.36.58,2025-08-07 00:21:40,/checkout,500,Safari
160.76.30.142,2025-08-02 21:58:39,/checkout,200,Chrome
157.212.20.231,2025-08-06 02:28:26,/checkout,200,Firefox
111.120.204.185,2025-08-07 20:33:38,/home,200,Opera
77.9.55.116,2025-08-05 10:49:03,/product/456,200,Firefox
156.145.1.143,2025-08-07 16:50:32,/checkout,200,Firefox
90.28.19.201,2025-08-05 15:14:03,/checkout,500,Chrome
11.192.72.171,2025-08-05 04:09:03,/product/789,200,Chrome
95.128.8.185,2025-08-01 00:35:06,/checkout,200,Chrome
114.202.204.194,2025-08-04 15:33:28,/product/789,200,Safari
93.121.187.122,2025-08-07 23:53:20,/search?q=shoes,200,Edge
161.20.200.37,2025-08-03 00:11:26,/home,200,Chrome
141.14.137.62,2025-08-04 08:09:42,/product/789,200,Chrome
219.136.189.63,2025-08-01 18:01:36,/checkout,500,Edge
81.9.230.103,2025-08-05 22:07:11,/home,404,Safari
108.19.231.111,2025-08-03 21:46:36,/checkout,200,Safari
129.108.171.150,2025-08-01 01:31:15,/cart,200,Chrome
169.33.222.105,2025-08-02 02:23:27,/cart,200,Edge
166.144.29.10,2025-08-06 14:08:26,/search?q=shoes,500,Edge
176.233.136.124,2025-08-04 06:28:36,/product/789,200,Safari
71.242.127.99,2025-08-04 20:35:11,/cart,200,Firefox
192.48.220.234,2025-08-04 12:09:58,/checkout,404,Chrome
110.215.172.32,2025-08-02 18:34:58,/search?q=shoes,404,Firefox
188.16.24.250,2025-08-02 16:49:05,/product/123,200,Chrome
61.188.224.51,2025-08-05 06:33:02,/product/456,200,Edge
43.55.181.169,2025-08-07 08:27:39,/search?q=shoes,404,Edge
143.80.223.129,2025-08-06 10:49:14,/search?q=shirts,200,Firefox
104.134.100.204,2025-08-03 15:53:49,/cart,200,Chrome
219.170.171.122,2025-08-04 14:38:33,/home,200,Edge
67.63.216.38,2025-08-02 14:33:06,/checkout,500,Firefox
109.193.175.205,2025-08-01 08:10:14,/checkout,500,Safari
118.196.253.208,2025-08-03 01:35:18,/checkout,200,Chrome
10.34.219.204,2025-08-07 04:44:21,/search?q=shirts,200,Safari
94.157.212.195,2025-08-04 18:56:37,/product/123,200,Chrome
102.189.70.142,2025-08-02 02:00:50,/product/789,200,Edge
106.97.239.9,2025-08-02 05:54:23,/search?q=shoes,200,Safari
216.237.111.176,2025-08-07 02:38:52,/checkout,500,Opera
215.187.42.77,2025-08-01 23:10:46,/search?q=shirts,200,Safari
27.138.46.224,2025-08-02 05:41:22,/cart,200,Chrome
158.136.172.116,2025-08-05 20:21:34,/home,200,Edge
27.25.132.152,2025-08-01 19:24:18,/product/789,200,Safari
36.58.229.203,2025-08-07 19:52:59,/cart,200,Safari
164.194.40.115,2025-08-03 00:22:10,/product/123,200,Opera
77.83.190.231,2025-08-07 04:14:08,/cart,500,Safari
148.230.232.17,2025-08-05 07:26:33,/cart,200,Edge
222.3.160.177,2025-08-06 00:56:34,/product/456,404,Firefox
195.68.43.194,2025-08-07 21:03:20,/product/789,200,Firefox
80.11.61.82,2025-08-02 11:35:26,/search?q=shirts,200,Firefox
23.42.111.192,2025-08-01 08:29:02,/cart,404,Chrome
88.210.176.24,2025-08-04 06:00:32,/product/456,500,Firefox
21.193.163.147,2025-08-03 03:36:06,/cart,404,Safari
122.96.99.137,2025-08-01 19:11:41,/product/123,200,Opera
168.213.10.169,2025-08-02 09:32:25,/product/123,200,Edge
1.215.68.18,2025-08-06 23:05:36,/cart,200,Opera
186.251.8.180,2025-08-03 17:37:45,/search?q=shirts,200,Edge
147.191.54.139,2025-08-06 10:05:44,/cart,200,Safari
58.163.196.203,2025-08-02 05:00:17,/checkout,404,Chrome
76.68.44.182,2025-08-02 07:18:51,/search?q=shirts,200,Chrome
154.197.119.245,2025-08-05 13:18:45,/home,200,Safari
164.171.247.92,2025-08-07 20:38:04,/search?q=shoes,500,Safari
111.251.253.192,2025-08-02 08:59:16,/home,200,Firefox
152.248.49.65,2025-08-06 05:51:34,/product/123,404,Opera
39.231.152.145,2025-08-02 05:25:41,/search?q=shirts,500,Edge
82.228.44.47,2025-08-07 01:43:54,/product/123,500,Firefox
205.187.196.66,2025-08-06 23:12:17,/product/789,200,Opera
19.35.19.123,2025-08-03 01:19:03,/home,200,Opera
26.173.209.70,2025-08-04 17:38:14,/product/123,404,Safari
189.79.135.16,2025-08-05 21:14:31,/product/456,500,Safari
152.25.254.140,2025-08-05 06:34:20,/product/789,200,Chrome
108.43.250.159,2025-08-06 08:33:22,/cart,500,Safari
26.14.122.155,2025-08-02 16:42:30,/search?q=shirts,500,Edge
203.19.224.244,2025-08-07 17:25:40,/home,200,Safari
84.22.212.239,2025-08-01 06:29:49,/search?q=shirts,404,Safari
32.241.6.181,2025-08-04 01:20:47,/home,200,Safari
3.125.165.107,2025-08-07 11:55:21,/search?q=shirts,200,Opera
22.189.130.21,2025-08-03 03:09:07,/product/456,200,Edge
219.216.124.54,2025-08-02 22:41:18,/product/789,500,Edge
214.247.11.134,2025-08-06 06:48:49,/product/456,200,Edge
108.20.9.101,2025-08-01 20:24:50,/cart,200,Safari
46.77.164.91,2025-08-03 04:22:48,/cart,404,Chrome
71.198.127.84,2025-08-06 13:24:27,/search?q=shirts,500,Edge
48.219.250.189,2025-08-04 14:08:11,/product/456,500,Safari
17.212.21.8,2025-08-06 16:43:22,/product/789,200,Opera
142.31.13.173,2025-08-05 22:37:20,/search?q=shoes,200,Opera
56.249.104.15,2025-08-06 05:35:22,/product/123,404,Edge
99.173.178.32,2025-08-04 14:01:35,/product/123,404,Edge
150.224.109.50,2025-08-06 17:03:48,/home,200,Chrome
34.138.72.71,2025-08-06 02:50:50,/search?q=shoes,404,Safari
215.46.150.51,2025-08-01 22:28:37,/cart,200,Chrome
4.163.234.46,2025-08-01 04:04:43,/product/456,200,Edge
177.137.65.83,2025-08-02 13:03:55,/product/123,200,Chrome
106.37.108.25,2025-08-01 05:32:54,/search?q=shirts,500,Opera
73.200.215.235,2025-08-06 02:09:31,/product/789,200,Firefox
161.142.84.231,2025-08-02 10:18:07,/checkout,200,Chrome
192.65.140.40,2025-08-02 03:07:32,/product/123,404,Opera
182.227.29.147,2025-08-07 13:47:53,/home,200,Edge
141.89.126.253,2025-08-05 18:24:40,/home,500,Opera
201.220.159.175,2025-08-04 16:51:07,/cart,404,Safari
38.34.107.208,2025-08-05 21:48:01,/search?q=shoes,200,Firefox
82.115.131.39,2025-08-06 21:57:25,/search?q=shoes,200,Edge
126.74.114.205,2025-08-04 09:59:35,/product/123,200,Chrome
95.6.211.135,2025-08-04 11:44:02,/search?q=shoes,200,Firefox
147.107.29.217,2025-08-03 14:44:56,/search?q=shoes,200,Firefox
50.50.78.41,2025-08-02 05:48:53,/product/123,500,Firefox
33.42.147.94,2025-08-06 02:02:21,/search?q=shoes,200,Safari
102.222.238.169,2025-08-07 10:51:14,/checkout,200,Opera
65.133.152.159,2025-08-03 14:41:08,/search?q=shirts,200,Firefox
137.121.173.58,2025-08-06 18:53:52,/search?q=shoes,200,Edge
144.71.65.151,2025-08-07 22:31:45,/checkout,200,Edge
65.159.210.3,2025-08-06 06:14:30,/product/789,200,Edge
167.120.46.71,2025-08-06 17:27:30,/search?q=shirts,404,Safari
164.145.188.228,2025-08-05 12:13:00,/search?q=shoes,200,Opera
189.52.144.131,2025-08-05 02:44:56,/product/456,404,Chrome
111.1.64.94,2025-08-02 08:02:15,/product/456,200,Chrome
154.84.154.145,2025-08-05 05:21:10,/product/789,200,Chrome
130.90.5.253,2025-08-04 05:02:29,/search?q=shirts,404,Safari
202.114.105.254,2025-08-03 08:37:21,/search?q=shoes,404,Chrome
27.172.255.223,2025-08-05 19:41:46,/search?q=shirts,200,Opera
149.8.120.236,2025-08-02 14:44:34,/product/789,500,Chrome
121.172.25.132,2025-08-01 05:18:54,/search?q=shirts,500,Edge
194.118.105.165,2025-08-04 23:43:33,/product/123,200,Chrome
149.17.80.212,2025-08-03 20:02:09,/search?q=shoes,404,Chrome
211.141.43.56,2025-08-02 14:16:32,/search?q=shirts,404,Opera
107.16.177.253,2025-08-04 03:45:05,/product/456,200,Opera
96.255.15.138,2025-08-01 04:38:16,/search?q=shoes,200,Edge
204.64.192.5,2025-08-06 12:34:35,/home,500,Safari
167.51.136.86,2025-08-01 08:31:07,/product/789,404,Opera
3.242.190.254,2025-08-04 08:23:58,/search?q=shoes,200,Chrome
85.92.82.82,2025-08-01 05:32:52,/search?q=shoes,200,Opera
146.176.64.41,2025-08-04 02:34:10,/search?q=shirts,200,Chrome
192.112.100.201,2025-08-03 14:58:41,/home,200,Safari
213.244.10.34,2025-08-01 20:48:04,/home,500,Firefox
150.45.222.254,2025-08-03 09:36:15,/search?q=shoes,404,Chrome
131.162.179.86,2025-08-07 12:27:26,/search?q=shirts,200,Firefox
22.170.228.55,2025-08-06 07:03:11,/home,200,Edge
196.138.244.224,2025-08-01 04:37:32,/product/123,200,Chrome
34.235.248.4,2025-08-02 08:10:13,/product/456,404,Edge
206.149.136.200,2025-08-06 17:19:11,/product/456,200,Opera
30.135.155.196,2025-08-01 08:47:33,/search?q=shirts,500,Edge
51.15.115.178,2025-08-06 15:21:17,/checkout,404,Edge
190.157.195.34,2025-08-06 22:44:16,/checkout,200,Edge
214.236.155.95,2025-08-02 20:29:27,/checkout,404,Firefox
93.164.104.177,2025-08-05 02:45:53,/product/123,500,Firefox
136.196.117.254,2025-08-01 08:52:40,/product/789,200,Firefox
46.104.111.173,2025-08-05 09:41:22,/checkout,200,Safari
135.59.209.30,2025-08-05 11:01:47,/product/456,200,Edge
37.94.6.86,2025-08-06 20:20:54,/search?q=shoes,500,Chrome
182.182.208.149,2025-08-07 07:21:27,/cart,200,Firefox
92.245.65.194,2025-08-07 05:09:17,/product/456,200,Chrome
17.3.9.226,2025-08-01 14:16:42,/cart,404,Chrome
220.237.146.147,2025-08-05 01:50:26,/product/789,500,Opera
65.248.13.22,2025-08-05 18:06:20,/product/123,200,Opera
119.140.240.215,2025-08-05 15:42:07,/home,200,Chrome
177.56.29.134,2025-08-03 03:42:08,/cart,500,Edge
4.32.16.46,2025-08-07 06:35:50,/search?q=shirts,200,Firefox
121.17.103.74,2025-08-01 16:12:55,/product/789,404,Edge
149.202.248.251,2025-08-02 15:41:00,/search?q=shoes,200,Edge
158.121.57.49,2025-08-05 08:15:44,/search?q=shirts,200,Firefox
161.67.165.155,2025-08-04 23:00:12,/search?q=shirts,200,Chrome
66.204.150.228,2025-08-01 15:03:58,/product/123,200,Safari
126.20.182.235,2025-08-03 10:52:22,/cart,404,Edge
194.16.26.144,2025-08-02 03:17:07,/search?q=shoes,200,Chrome
162.82.80.190,2025-08-01 08:28:53,/search?q=shoes,500,Firefox
34.78.182.161,2025-08-03 11:27:50,/search?q=shoes,500,Safari
170.232.173.28,2025-08-04 09:51:37,/search?q=shirts,500,Edge
70.111.18.38,2025-08-05 04:40:23,/product/789,200,Opera
189.91.237.212,2025-08-05 14:07:04,/cart,200,Firefox
212.164.141.211,2025-08-05 22:47:16,/cart,200,Safari
35.201.127.7,2025-08-05 12:35:55,/product/789,200,Edge
47.127.122.164,2025-08-02 02:41:45,/cart,404,Safari
141.52.0.130,2025-08-01 02:15:54,/search?q=shirts,200,Firefox
57.192.163.254,2025-08-05 14:48:56,/product/123,200,Chrome
87.130.226.58,2025-08-04 22:15:49,/checkout,200,Firefox
152.54.88.0,2025-08-02 08:32:02,/cart,200,Firefox
12.28.200.143,2025-08-02 07:21:34,/product/789,500,Safari
158.22.68.8,2025-08-03 10:43:11,/search?q=shoes,200,Firefox
223.17.235.17,2025-08-02 18:07:57,/checkout,200,Opera
